{
  "runs": [
    {
      "epsilon": 0.1,
      "delta": 3.425662822571406e-11,
      "max_records": 1354000,
      "max_records_per_individual": 7
    },
    {
      "epsilon": 1.0,
      "delta": 3.425662822571406e-11,
      "max_records": 1354000,
      "max_records_per_individual": 7
    },
    {
      "epsilon": 10.0,
      "delta": 3.425662822571406e-11,
      "max_records": 1354000,
      "max_records_per_individual": 7
    }
  ],
  "schema": {
    "PUMA": {
      "dtype": "str",
      "values": [
        "13-100",
        "13-1001",
        "13-1002",
        "13-1003",
        "13-1004",
        "13-1005",
        "13-1006",
        "13-1007",
        "13-1008",
        "13-1100",
        "13-1200",
        "13-1300",
        "13-1400",
        "13-1500",
        "13-1600",
        "13-1700",
        "13-1800",
        "13-1900",
        "13-200",
        "13-2001",
        "13-2002",
        "13-2003",
        "13-2004",
        "13-2100",
        "13-2200",
        "13-2300",
        "13-2400",
        "13-2500",
        "13-2600",
        "13-2700",
        "13-2800",
        "13-2900",
        "13-300",
        "13-3001",
        "13-3002",
        "13-3003",
        "13-3004",
        "13-3005",
        "13-3101",
        "13-3102",
        "13-3200",
        "13-3300",
        "13-3400",
        "13-3500",
        "13-3600",
        "13-3700",
        "13-3800",
        "13-3900",
        "13-4000",
        "13-4001",
        "13-4002",
        "13-4003",
        "13-4004",
        "13-4005",
        "13-4006",
        "13-401",
        "13-402",
        "13-4100",
        "13-4200",
        "13-4300",
        "13-4400",
        "13-4500",
        "13-4600",
        "13-500",
        "13-5001",
        "13-5002",
        "13-600",
        "13-6001",
        "13-6002",
        "13-700",
        "13-800",
        "13-900",
        "37-100",
        "37-1000",
        "37-1100",
        "37-1201",
        "37-1202",
        "37-1203",
        "37-1204",
        "37-1205",
        "37-1206",
        "37-1207",
        "37-1208",
        "37-1301",
        "37-1302",
        "37-1400",
        "37-1500",
        "37-1600",
        "37-1701",
        "37-1702",
        "37-1703",
        "37-1704",
        "37-1801",
        "37-1802",
        "37-1803",
        "37-1900",
        "37-200",
        "37-2000",
        "37-2100",
        "37-2201",
        "37-2202",
        "37-2300",
        "37-2400",
        "37-2500",
        "37-2600",
        "37-2700",
        "37-2800",
        "37-2900",
        "37-300",
        "37-3001",
        "37-3002",
        "37-3101",
        "37-3102",
        "37-3103",
        "37-3104",
        "37-3105",
        "37-3106",
        "37-3107",
        "37-3108",
        "37-3200",
        "37-3300",
        "37-3400",
        "37-3500",
        "37-3600",
        "37-3700",
        "37-3800",
        "37-3900",
        "37-400",
        "37-4000",
        "37-4100",
        "37-4200",
        "37-4300",
        "37-4400",
        "37-4500",
        "37-4600",
        "37-4700",
        "37-4800",
        "37-4900",
        "37-500",
        "37-5001",
        "37-5002",
        "37-5003",
        "37-5100",
        "37-5200",
        "37-5300",
        "37-5400",
        "37-600",
        "37-700",
        "37-800",
        "37-900",
        "45-1000",
        "45-101",
        "45-102",
        "45-103",
        "45-104",
        "45-105",
        "45-1101",
        "45-1102",
        "45-1201",
        "45-1202",
        "45-1203",
        "45-1204",
        "45-1300",
        "45-1400",
        "45-1500",
        "45-1600",
        "45-200",
        "45-301",
        "45-302",
        "45-400",
        "45-501",
        "45-502",
        "45-601",
        "45-602",
        "45-603",
        "45-604",
        "45-605",
        "45-700",
        "45-800",
        "45-900"
      ]
    },
    "YEAR": {
      "dtype": "uint32",
      "values": [
        2012,
        2013,
        2014,
        2015,
        2016,
        2017,
        2018
      ]
    },
    "HHWT": {
      "dtype": "float"
    },
    "GQ": {
      "values": [
        0,
        1,
        2,
        3,
        4,
        5,
        6
      ],
      "dtype": "uint8"
    },
    "PERWT": {
      "dtype": "float"
    },
    "SEX": {
      "values": [
        1,
        2
      ],
      "dtype": "uint8"
    },
    "AGE": {
      "min": 0,
      "max": 135,
      "dtype": "uint8"
    },
    "MARST": {
      "values": [
        1,
        2,
        3,
        4,
        5,
        6
      ],
      "dtype": "uint8"
    },
    "RACE": {
      "values": [
        1,
        2,
        3,
        4,
        5,
        6,
        7,
        8,
        9
      ],
      "dtype": "uint8"
    },
    "HISPAN": {
      "values": [
        0,
        1,
        2,
        3,
        4,
        9
      ],
      "dtype": "uint8"
    },
    "CITIZEN": {
      "values": [
        0,
        1,
        2,
        3,
        4,
        5,
        6
      ],
      "dtype": "uint8"
    },
    "SPEAKENG": {
      "values": [
        0,
        1,
        2,
        3,
        4,
        5,
        6,
        7,
        8
      ],
      "dtype": "uint8"
    },
    "HCOVANY": {
      "values": [
        1,
        2
      ],
      "dtype": "uint8"
    },
    "HCOVPRIV": {
      "values": [
        1,
        2
      ],
      "dtype": "uint8"
    },
    "HINSEMP": {
      "values": [
        1,
        2
      ],
      "dtype": "uint8"
    },
    "HINSCAID": {
      "values": [
        1,
        2
      ],
      "dtype": "uint8"
    },
    "HINSCARE": {
      "values": [
        1,
        2
      ],
      "dtype": "uint8"
    },
    "EDUC": {
      "values": [
        0,
        1,
        2,
        3,
        4,
        5,
        6,
        7,
        8,
        9,
        10,
        11
      ],
      "dtype": "uint8"
    },
    "EMPSTAT": {
      "values": [
        0,
        1,
        2,
        3
      ],
      "dtype": "uint8"
    },
    "EMPSTATD": {
      "values": [
        0,
        10,
        11,
        12,
        13,
        14,
        15,
        20,
        21,
        22,
        30,
        31,
        32,
        33,
        34
      ],
      "dtype": "uint8"
    },
    "LABFORCE": {
      "values": [
        0,
        1,
        2
      ],
      "dtype": "uint8"
    },
    "WRKLSTWK": {
      "values": [
        0,
        1,
        2,
        3
      ],
      "dtype": "uint8"
    },
    "ABSENT": {
      "values": [
        0,
        1,
        2,
        3,
        4
      ],
      "dtype": "uint8"
    },
    "LOOKING": {
      "values": [
        0,
        1,
        2,
        3
      ],
      "dtype": "uint8"
    },
    "AVAILBLE": {
      "values": [
        0,
        1,
        2,
        3,
        4,
        5
      ],
      "dtype": "uint8"
    },
    "WRKRECAL": {
      "values": [
        0,
        1,
        2,
        3
      ],
      "dtype": "uint8"
    },
    "WORKEDYR": {
      "values": [
        0,
        1,
        2,
        3
      ],
      "dtype": "uint8"
    },
    "INCTOT": {
      "dtype": "int32"
    },
    "INCWAGE": {
      "dtype": "int32"
    },
    "INCWELFR": {
      "dtype": "int32"
    },
    "INCINVST": {
      "dtype": "int32"
    },
    "INCEARN": {
      "dtype": "int32"
    },
    "POVERTY": {
      "min": 0,
      "max": 501,
      "dtype": "uint32"
    },
    "DEPARTS": {
      "min": 0,
      "max": 2359,
      "dtype": "uint32"
    },
    "ARRIVES": {
      "min": 0,
      "max": 2359,
      "dtype": "uint32"
    }
  }
}