{
  "runs": [
    {
      "epsilon": 0.1,
      "delta": 1.9795646154152412e-11,
      "max_records": 1763500,
      "max_records_per_individual": 7
    },
    {
      "epsilon": 1.0,
      "delta": 1.9795646154152412e-11,
      "max_records": 1763500,
      "max_records_per_individual": 7
    },
    {
      "epsilon": 10.0,
      "delta": 1.9795646154152412e-11,
      "max_records": 1763500,
      "max_records_per_individual": 7
    }
  ],
  "schema": {
    "PUMA": {
      "dtype": "str",
      "values": [
        "36-100",
        "36-1000",
        "36-1101",
        "36-1102",
        "36-1201",
        "36-1202",
        "36-1203",
        "36-1204",
        "36-1205",
        "36-1206",
        "36-1207",
        "36-1300",
        "36-1400",
        "36-1500",
        "36-1600",
        "36-1700",
        "36-1801",
        "36-1802",
        "36-1900",
        "36-200",
        "36-2001",
        "36-2002",
        "36-2100",
        "36-2201",
        "36-2202",
        "36-2203",
        "36-2300",
        "36-2401",
        "36-2402",
        "36-2500",
        "36-2600",
        "36-2701",
        "36-2702",
        "36-2801",
        "36-2802",
        "36-2901",
        "36-2902",
        "36-2903",
        "36-300",
        "36-3001",
        "36-3002",
        "36-3003",
        "36-3101",
        "36-3102",
        "36-3103",
        "36-3104",
        "36-3105",
        "36-3106",
        "36-3107",
        "36-3201",
        "36-3202",
        "36-3203",
        "36-3204",
        "36-3205",
        "36-3206",
        "36-3207",
        "36-3208",
        "36-3209",
        "36-3210",
        "36-3211",
        "36-3212",
        "36-3301",
        "36-3302",
        "36-3303",
        "36-3304",
        "36-3305",
        "36-3306",
        "36-3307",
        "36-3308",
        "36-3309",
        "36-3310",
        "36-3311",
        "36-3312",
        "36-3313",
        "36-3701",
        "36-3702",
        "36-3703",
        "36-3704",
        "36-3705",
        "36-3706",
        "36-3707",
        "36-3708",
        "36-3709",
        "36-3710",
        "36-3801",
        "36-3802",
        "36-3803",
        "36-3804",
        "36-3805",
        "36-3806",
        "36-3807",
        "36-3808",
        "36-3809",
        "36-3810",
        "36-3901",
        "36-3902",
        "36-3903",
        "36-4001",
        "36-4002",
        "36-4003",
        "36-4004",
        "36-4005",
        "36-4006",
        "36-4007",
        "36-4008",
        "36-4009",
        "36-401",
        "36-4010",
        "36-4011",
        "36-4012",
        "36-4013",
        "36-4014",
        "36-4015",
        "36-4016",
        "36-4017",
        "36-4018",
        "36-402",
        "36-403",
        "36-4101",
        "36-4102",
        "36-4103",
        "36-4104",
        "36-4105",
        "36-4106",
        "36-4107",
        "36-4108",
        "36-4109",
        "36-4110",
        "36-4111",
        "36-4112",
        "36-4113",
        "36-4114",
        "36-500",
        "36-600",
        "36-701",
        "36-702",
        "36-703",
        "36-704",
        "36-800",
        "36-901",
        "36-902",
        "36-903",
        "36-904",
        "36-905",
        "36-906",
        "42-1000",
        "42-101",
        "42-102",
        "42-1100",
        "42-1200",
        "42-1300",
        "42-1400",
        "42-1501",
        "42-1502",
        "42-1600",
        "42-1701",
        "42-1702",
        "42-1801",
        "42-1802",
        "42-1803",
        "42-1804",
        "42-1805",
        "42-1806",
        "42-1807",
        "42-1900",
        "42-200",
        "42-2001",
        "42-2002",
        "42-2003",
        "42-2100",
        "42-2200",
        "42-2301",
        "42-2302",
        "42-2401",
        "42-2402",
        "42-2500",
        "42-2600",
        "42-2701",
        "42-2702",
        "42-2703",
        "42-2801",
        "42-2802",
        "42-2803",
        "42-2901",
        "42-2902",
        "42-300",
        "42-3001",
        "42-3002",
        "42-3003",
        "42-3004",
        "42-3101",
        "42-3102",
        "42-3103",
        "42-3104",
        "42-3105",
        "42-3106",
        "42-3201",
        "42-3202",
        "42-3203",
        "42-3204",
        "42-3205",
        "42-3206",
        "42-3207",
        "42-3208",
        "42-3209",
        "42-3210",
        "42-3211",
        "42-3301",
        "42-3302",
        "42-3303",
        "42-3304",
        "42-3401",
        "42-3402",
        "42-3403",
        "42-3404",
        "42-3501",
        "42-3502",
        "42-3503",
        "42-3504",
        "42-3601",
        "42-3602",
        "42-3603",
        "42-3701",
        "42-3702",
        "42-3800",
        "42-3900",
        "42-400",
        "42-4001",
        "42-4002",
        "42-500",
        "42-600",
        "42-701",
        "42-702",
        "42-801",
        "42-802",
        "42-803",
        "42-900"
      ]
    },
    "YEAR": {
      "dtype": "uint32",
      "values": [
        2012,
        2013,
        2014,
        2015,
        2016,
        2017,
        2018
      ]
    },
    "HHWT": {
      "dtype": "float"
    },
    "GQ": {
      "values": [
        0,
        1,
        2,
        3,
        4,
        5,
        6
      ],
      "dtype": "uint8"
    },
    "PERWT": {
      "dtype": "float"
    },
    "SEX": {
      "values": [
        1,
        2
      ],
      "dtype": "uint8"
    },
    "AGE": {
      "min": 0,
      "max": 135,
      "dtype": "uint8"
    },
    "MARST": {
      "values": [
        1,
        2,
        3,
        4,
        5,
        6
      ],
      "dtype": "uint8"
    },
    "RACE": {
      "values": [
        1,
        2,
        3,
        4,
        5,
        6,
        7,
        8,
        9
      ],
      "dtype": "uint8"
    },
    "HISPAN": {
      "values": [
        0,
        1,
        2,
        3,
        4,
        9
      ],
      "dtype": "uint8"
    },
    "CITIZEN": {
      "values": [
        0,
        1,
        2,
        3,
        4,
        5,
        6
      ],
      "dtype": "uint8"
    },
    "SPEAKENG": {
      "values": [
        0,
        1,
        2,
        3,
        4,
        5,
        6,
        7,
        8
      ],
      "dtype": "uint8"
    },
    "HCOVANY": {
      "values": [
        1,
        2
      ],
      "dtype": "uint8"
    },
    "HCOVPRIV": {
      "values": [
        1,
        2
      ],
      "dtype": "uint8"
    },
    "HINSEMP": {
      "values": [
        1,
        2
      ],
      "dtype": "uint8"
    },
    "HINSCAID": {
      "values": [
        1,
        2
      ],
      "dtype": "uint8"
    },
    "HINSCARE": {
      "values": [
        1,
        2
      ],
      "dtype": "uint8"
    },
    "EDUC": {
      "values": [
        0,
        1,
        2,
        3,
        4,
        5,
        6,
        7,
        8,
        9,
        10,
        11
      ],
      "dtype": "uint8"
    },
    "EMPSTAT": {
      "values": [
        0,
        1,
        2,
        3
      ],
      "dtype": "uint8"
    },
    "EMPSTATD": {
      "values": [
        0,
        10,
        11,
        12,
        13,
        14,
        15,
        20,
        21,
        22,
        30,
        31,
        32,
        33,
        34
      ],
      "dtype": "uint8"
    },
    "LABFORCE": {
      "values": [
        0,
        1,
        2
      ],
      "dtype": "uint8"
    },
    "WRKLSTWK": {
      "values": [
        0,
        1,
        2,
        3
      ],
      "dtype": "uint8"
    },
    "ABSENT": {
      "values": [
        0,
        1,
        2,
        3,
        4
      ],
      "dtype": "uint8"
    },
    "LOOKING": {
      "values": [
        0,
        1,
        2,
        3
      ],
      "dtype": "uint8"
    },
    "AVAILBLE": {
      "values": [
        0,
        1,
        2,
        3,
        4,
        5
      ],
      "dtype": "uint8"
    },